<?xml version="1.0" encoding="UTF-8"?>
<wsdl:definitions 
  xmlns:wsdl="http://schemas.xmlsoap.org/wsdl/" 
  xmlns:soap11="http://schemas.xmlsoap.org/wsdl/soap/" 
  xmlns:soap12="http://schemas.xmlsoap.org/wsdl/soap12/" 
  xmlns:http="http://schemas.xmlsoap.org/wsdl/http/" 
  xmlns:mime="http://schemas.xmlsoap.org/wsdl/mime/" 
  xmlns:wsp="http://www.w3.org/ns/ws-policy" 
  xmlns:wsp200409="http://schemas.xmlsoap.org/ws/2004/09/policy" 
  xmlns:wsp200607="http://www.w3.org/2006/07/ws-policy" 
  xmlns:ns0="http://servicios.pge.red.uy/bps/wsNucleosMIDES" 
  targetNamespace="http://servicios.pge.red.uy/bps/wsNucleosMIDES">
  <wsdl:types xmlns:xsd="http://www.w3.org/2001/XMLSchema">
    <xsd:schema>
      <xsd:import schemaLocation="bps_wsNucleos.xsd1-v2.xsd" namespace="http://servicios.pge.red.uy/bps/wsNucleosMIDES"/>
    </xsd:schema>
  </wsdl:types>
  <wsdl:message name="EnvAbmNucleoSoapIn">
    <wsdl:part name="EnvAbmNucleoRequestPart0" element="xsns:EnvAbmNucleo" xmlns:xsns="http://servicios.pge.red.uy/bps/wsNucleosMIDES"/>
  </wsdl:message>
  <wsdl:message name="EnvAbmNucleoSoapOut">
    <wsdl:part name="EnvAbmNucleoResponseRequestPart0" element="xsns:EnvAbmNucleoResponse" xmlns:xsns="http://servicios.pge.red.uy/bps/wsNucleosMIDES"/>
  </wsdl:message>
  <wsdl:message name="EnvGrabarSOENucleoIntegranteSoapIn">
    <wsdl:part name="EnvGrabarSOENucleoIntegranteRequestPart0" element="xsns:EnvGrabarSOENucleoIntegrante" xmlns:xsns="http://servicios.pge.red.uy/bps/wsNucleosMIDES"/>
  </wsdl:message>
  <wsdl:message name="EnvGrabarSOENucleoIntegranteSoapOut">
    <wsdl:part name="EnvGrabarSOENucleoIntegranteResponseRequestPart0" element="xsns:EnvGrabarSOENucleoIntegranteResponse" xmlns:xsns="http://servicios.pge.red.uy/bps/wsNucleosMIDES"/>
  </wsdl:message>
  <wsdl:message name="EnvGrabarSOENucleoSoapIn">
    <wsdl:part name="EnvGrabarSOENucleoRequestPart0" element="xsns:EnvGrabarSOENucleo" xmlns:xsns="http://servicios.pge.red.uy/bps/wsNucleosMIDES"/>
  </wsdl:message>
  <wsdl:message name="EnvGrabarSOENucleoSoapOut">
    <wsdl:part name="EnvGrabarSOENucleoResponseRequestPart0" element="xsns:EnvGrabarSOENucleoResponse" xmlns:xsns="http://servicios.pge.red.uy/bps/wsNucleosMIDES"/>
  </wsdl:message>
  <wsdl:message name="ObtColDatosNucleoSoapIn">
    <wsdl:part name="ObtColDatosNucleoRequestPart0" element="xsns:ObtColDatosNucleo" xmlns:xsns="http://servicios.pge.red.uy/bps/wsNucleosMIDES"/>
  </wsdl:message>
  <wsdl:message name="ObtColDatosNucleoSoapOut">
    <wsdl:part name="ObtColDatosNucleoResponseRequestPart0" element="xsns:ObtColDatosNucleoResponse" xmlns:xsns="http://servicios.pge.red.uy/bps/wsNucleosMIDES"/>
  </wsdl:message>
  <wsdl:message name="ObtColVariableSOEIntegranteSoapIn">
    <wsdl:part name="ObtColVariableSOEIntegranteRequestPart0" element="xsns:ObtColVariableSOEIntegrante" xmlns:xsns="http://servicios.pge.red.uy/bps/wsNucleosMIDES"/>
  </wsdl:message>
  <wsdl:message name="ObtColVariableSOEIntegranteSoapOut">
    <wsdl:part name="ObtColVariableSOEIntegranteResponseRequestPart0" element="xsns:ObtColVariableSOEIntegranteResponse" xmlns:xsns="http://servicios.pge.red.uy/bps/wsNucleosMIDES"/>
  </wsdl:message>
  <wsdl:message name="ObtColVariableSOENucleoSoapIn">
    <wsdl:part name="ObtColVariableSOENucleoRequestPart0" element="xsns:ObtColVariableSOENucleo" xmlns:xsns="http://servicios.pge.red.uy/bps/wsNucleosMIDES"/>
  </wsdl:message>
  <wsdl:message name="ObtColVariableSOENucleoSoapOut">
    <wsdl:part name="ObtColVariableSOENucleoResponseRequestPart0" element="xsns:ObtColVariableSOENucleoResponse" xmlns:xsns="http://servicios.pge.red.uy/bps/wsNucleosMIDES"/>
  </wsdl:message>
  <wsdl:message name="VersionSoapIn">
    <wsdl:part name="VersionRequestPart0" element="xsns:Version" xmlns:xsns="http://servicios.pge.red.uy/bps/wsNucleosMIDES"/>
  </wsdl:message>
  <wsdl:message name="VersionSoapOut">
    <wsdl:part name="VersionResponseRequestPart0" element="xsns:VersionResponse" xmlns:xsns="http://servicios.pge.red.uy/bps/wsNucleosMIDES"/>
  </wsdl:message>
  <wsdl:portType name="MIDES.wsNucleos">
    <wsdl:operation name="EnvAbmNucleo">
      <wsdl:input name="EnvAbmNucleoRequest" message="ns0:EnvAbmNucleoSoapIn"/>
      <wsdl:output name="EnvAbmNucleoResponse" message="ns0:EnvAbmNucleoSoapOut"/>
    </wsdl:operation>
    <wsdl:operation name="EnvGrabarSOENucleo">
      <wsdl:input name="EnvGrabarSOENucleoRequest" message="ns0:EnvGrabarSOENucleoSoapIn"/>
      <wsdl:output name="EnvGrabarSOENucleoResponse" message="ns0:EnvGrabarSOENucleoSoapOut"/>
    </wsdl:operation>
    <wsdl:operation name="EnvGrabarSOENucleoIntegrante">
      <wsdl:input name="EnvGrabarSOENucleoIntegranteRequest" message="ns0:EnvGrabarSOENucleoIntegranteSoapIn"/>
      <wsdl:output name="EnvGrabarSOENucleoIntegranteResponse" message="ns0:EnvGrabarSOENucleoIntegranteSoapOut"/>
    </wsdl:operation>
    <wsdl:operation name="ObtColDatosNucleo">
      <wsdl:input name="ObtColDatosNucleoRequest" message="ns0:ObtColDatosNucleoSoapIn"/>
      <wsdl:output name="ObtColDatosNucleoResponse" message="ns0:ObtColDatosNucleoSoapOut"/>
    </wsdl:operation>
    <wsdl:operation name="ObtColVariableSOEIntegrante">
      <wsdl:input name="ObtColVariableSOEIntegranteRequest" message="ns0:ObtColVariableSOEIntegranteSoapIn"/>
      <wsdl:output name="ObtColVariableSOEIntegranteResponse" message="ns0:ObtColVariableSOEIntegranteSoapOut"/>
    </wsdl:operation>
    <wsdl:operation name="ObtColVariableSOENucleo">
      <wsdl:input name="ObtColVariableSOENucleoRequest" message="ns0:ObtColVariableSOENucleoSoapIn"/>
      <wsdl:output name="ObtColVariableSOENucleoResponse" message="ns0:ObtColVariableSOENucleoSoapOut"/>
    </wsdl:operation>
    <wsdl:operation name="Version">
      <wsdl:input name="VersionRequest" message="ns0:VersionSoapIn"/>
      <wsdl:output name="VersionResponse" message="ns0:VersionSoapOut"/>
    </wsdl:operation>
  </wsdl:portType>
  <wsdl:binding name="BasicHttpBinding_MIDES.wsNucleos" type="ns0:MIDES.wsNucleos">
    <soap11:binding transport="http://schemas.xmlsoap.org/soap/http" style="document"/>
    <wsdl:operation name="EnvAbmNucleo">
      <soap11:operation soapAction="EnvAbmNucleo" style="document"/>
      <wsdl:input name="EnvAbmNucleoRequest">
        <soap11:body use="literal"/>
      </wsdl:input>
      <wsdl:output name="EnvAbmNucleoResponse">
        <soap11:body use="literal"/>
      </wsdl:output>
    </wsdl:operation>
    <wsdl:operation name="EnvGrabarSOENucleo">
      <soap11:operation soapAction="EnvGrabarSOENucleo" style="document"/>
      <wsdl:input name="EnvGrabarSOENucleoRequest">
        <soap11:body use="literal"/>
      </wsdl:input>
      <wsdl:output name="EnvGrabarSOENucleoResponse">
        <soap11:body use="literal"/>
      </wsdl:output>
    </wsdl:operation>
    <wsdl:operation name="EnvGrabarSOENucleoIntegrante">
      <soap11:operation soapAction="EnvGrabarSOENucleoIntegrante" style="document"/>
      <wsdl:input name="EnvGrabarSOENucleoIntegranteRequest">
        <soap11:body use="literal"/>
      </wsdl:input>
      <wsdl:output name="EnvGrabarSOENucleoIntegranteResponse">
        <soap11:body use="literal"/>
      </wsdl:output>
    </wsdl:operation>
    <wsdl:operation name="ObtColDatosNucleo">
      <soap11:operation soapAction="ObtColDatosNucleo" style="document"/>
      <wsdl:input name="ObtColDatosNucleoRequest">
        <soap11:body use="literal"/>
      </wsdl:input>
      <wsdl:output name="ObtColDatosNucleoResponse">
        <soap11:body use="literal"/>
      </wsdl:output>
    </wsdl:operation>
    <wsdl:operation name="ObtColVariableSOEIntegrante">
      <soap11:operation soapAction="ObtColVariableSOEIntegrante" style="document"/>
      <wsdl:input name="ObtColVariableSOEIntegranteRequest">
        <soap11:body use="literal"/>
      </wsdl:input>
      <wsdl:output name="ObtColVariableSOEIntegranteResponse">
        <soap11:body use="literal"/>
      </wsdl:output>
    </wsdl:operation>
    <wsdl:operation name="ObtColVariableSOENucleo">
      <soap11:operation soapAction="ObtColVariableSOENucleo" style="document"/>
      <wsdl:input name="ObtColVariableSOENucleoRequest">
        <soap11:body use="literal"/>
      </wsdl:input>
      <wsdl:output name="ObtColVariableSOENucleoResponse">
        <soap11:body use="literal"/>
      </wsdl:output>
    </wsdl:operation>
    <wsdl:operation name="Version">
      <soap11:operation soapAction="Version" style="document"/>
      <wsdl:input name="VersionRequest">
        <soap11:body use="literal"/>
      </wsdl:input>
      <wsdl:output name="VersionResponse">
        <soap11:body use="literal"/>
      </wsdl:output>
    </wsdl:operation>
  </wsdl:binding>
  <wsdl:service name="service">
    <wsdl:port name="BasicHttpBinding_MIDES.wsNucleos" binding="ns0:BasicHttpBinding_MIDES.wsNucleos">
      <soap11:address location="https://testservicios.pge.red.uy:6207/MIDES/wsNucleos"/>
    </wsdl:port>
  </wsdl:service>
</wsdl:definitions>