<?xml version="1.0" encoding="UTF-8"?>
<wsdl:definitions name="ServiceNotifyExpedient" targetNamespace="http://servicios.pge.red.uy/agesic/artee/NotificarExpediente" xmlns:wsdl="http://schemas.xmlsoap.org/wsdl/" xmlns:wsa10="http://www.w3.org/2005/08/addressing" xmlns:wsx="http://schemas.xmlsoap.org/ws/2004/09/mex" xmlns:soap12="http://schemas.xmlsoap.org/wsdl/soap12/" xmlns:wsu="http://docs.oasis-open.org/wss/2004/01/oasis-200401-wss-wssecurity-utility-1.0.xsd" xmlns:wsp="http://www.w3.org/ns/ws-policy" xmlns:wsap="http://schemas.xmlsoap.org/ws/2004/08/addressing/policy" xmlns:msc="http://schemas.microsoft.com/ws/2005/12/wsdl/contract" xmlns:wsa="http://schemas.xmlsoap.org/ws/2004/08/addressing" xmlns:wsam="http://www.w3.org/2007/05/addressing/metadata" xmlns:wsaw="http://www.w3.org/2006/05/addressing/wsdl" xmlns:tns="http://servicios.pge.red.uy/agesic/artee/NotificarExpediente" xmlns:soap="http://schemas.xmlsoap.org/wsdl/soap/" xmlns:xsd="http://www.w3.org/2001/XMLSchema" xmlns:soapenc="http://schemas.xmlsoap.org/soap/encoding/">
  <wsdl:types>
    <xsd:schema elementFormDefault="qualified" targetNamespace="http://servicios.pge.red.uy/agesic/artee/NotificarExpediente">
      <xsd:element name="NotificarExpedienteIn">
        <xsd:complexType>
          <xsd:sequence>
            <xsd:element minOccurs="0" name="Confidencial" type="xsd:boolean"/>
            <xsd:element minOccurs="0" name="DominioDestino" nillable="true" type="xsd:string"/>
            <xsd:element minOccurs="0" name="DominioOrigen" nillable="true" type="xsd:string"/>
            <xsd:element minOccurs="0" name="ElementosFisicos" type="xsd:boolean"/>
            <xsd:element minOccurs="0" name="Numero" nillable="true" type="xsd:string"/>
            <xsd:element minOccurs="0" name="NumeroAnterior" nillable="true" type="xsd:string"/>
            <xsd:element minOccurs="0" name="SubdominioDestino" nillable="true" type="xsd:string"/>
            <xsd:element minOccurs="0" name="Timestamp" type="xsd:dateTime"/>
          </xsd:sequence>
        </xsd:complexType>
      </xsd:element>
      <xsd:element name="Anio" nillable="true" type="xsd:string"/>
      <xsd:element name="AnioAnterior" nillable="true" type="xsd:string"/>
      <xsd:element name="Inciso" nillable="true" type="xsd:string"/>
      <xsd:element name="IncisoAnterior" nillable="true" type="xsd:string"/>
      <xsd:element name="SeccionDestino" nillable="true" type="xsd:string"/>
      <xsd:element name="SeccionOrigen" nillable="true" type="xsd:string"/>
      <xsd:element name="UnidadEjecutora" nillable="true" type="xsd:string"/>
      <xsd:element name="UnidadEjecutoraAnterior" nillable="true" type="xsd:string"/>
      <xsd:element name="NotificarExpedienteOut">
        <xsd:complexType>
          <xsd:sequence>
            <xsd:element minOccurs="0" ref="q1:Resultado" xmlns:q1="http://agesic.red.uy/wsdl/ARTEEServicesWSDL"/>
          </xsd:sequence>
        </xsd:complexType>
      </xsd:element>
    </xsd:schema>
    <xsd:schema elementFormDefault="qualified" targetNamespace="http://agesic.red.uy/wsdl/ARTEEServicesWSDL">
      <xsd:element name="Resultado" nillable="true" type="q2:Resultado" xmlns:q2="http://schemas.datacontract.org/2004/07/ARTEEServiceLibrary.Message"/>
    </xsd:schema>
    <xsd:schema elementFormDefault="qualified" targetNamespace="http://schemas.datacontract.org/2004/07/ARTEEServiceLibrary.Message" xmlns:tns="http://schemas.datacontract.org/2004/07/ARTEEServiceLibrary.Message">
      <xsd:complexType name="Resultado">
        <xsd:sequence>
          <xsd:element minOccurs="0" name="Codigo" nillable="true" type="xsd:string"/>
          <xsd:element minOccurs="0" name="Descripcion" nillable="true" type="xsd:string"/>
          <xsd:element minOccurs="0" name="Detalle" nillable="true" type="xsd:string"/>
        </xsd:sequence>
      </xsd:complexType>
      <xsd:element name="Resultado" nillable="true" type="tns:Resultado"/>
    </xsd:schema>
    <xs:schema attributeFormDefault="qualified" elementFormDefault="qualified" targetNamespace="http://schemas.microsoft.com/2003/10/Serialization/" xmlns:xs="http://www.w3.org/2001/XMLSchema" xmlns:tns="http://schemas.microsoft.com/2003/10/Serialization/">
      <xs:element name="anyType" nillable="true" type="xs:anyType"/>
      <xs:element name="anyURI" nillable="true" type="xs:anyURI"/>
      <xs:element name="base64Binary" nillable="true" type="xs:base64Binary"/>
      <xs:element name="boolean" nillable="true" type="xs:boolean"/>
      <xs:element name="byte" nillable="true" type="xs:byte"/>
      <xs:element name="dateTime" nillable="true" type="xs:dateTime"/>
      <xs:element name="decimal" nillable="true" type="xs:decimal"/>
      <xs:element name="double" nillable="true" type="xs:double"/>
      <xs:element name="float" nillable="true" type="xs:float"/>
      <xs:element name="int" nillable="true" type="xs:int"/>
      <xs:element name="long" nillable="true" type="xs:long"/>
      <xs:element name="QName" nillable="true" type="xs:QName"/>
      <xs:element name="short" nillable="true" type="xs:short"/>
      <xs:element name="string" nillable="true" type="xs:string"/>
      <xs:element name="unsignedByte" nillable="true" type="xs:unsignedByte"/>
      <xs:element name="unsignedInt" nillable="true" type="xs:unsignedInt"/>
      <xs:element name="unsignedLong" nillable="true" type="xs:unsignedLong"/>
      <xs:element name="unsignedShort" nillable="true" type="xs:unsignedShort"/>
      <xs:element name="char" nillable="true" type="tns:char"/>
      <xs:simpleType name="char">
        <xs:restriction base="xs:int"/>
      </xs:simpleType>
      <xs:element name="duration" nillable="true" type="tns:duration"/>
      <xs:simpleType name="duration">
        <xs:restriction base="xs:duration">
          <xs:pattern value="\-?P(\d*D)?(T(\d*H)?(\d*M)?(\d*(\.\d*)?S)?)?"/>
          <xs:minInclusive value="-P10675199DT2H48M5.4775808S"/>
          <xs:maxInclusive value="P10675199DT2H48M5.4775807S"/>
        </xs:restriction>
      </xs:simpleType>
      <xs:element name="guid" nillable="true" type="tns:guid"/>
      <xs:simpleType name="guid">
        <xs:restriction base="xs:string">
          <xs:pattern value="[\da-fA-F]{8}-[\da-fA-F]{4}-[\da-fA-F]{4}-[\da-fA-F]{4}-[\da-fA-F]{12}"/>
        </xs:restriction>
      </xs:simpleType>
      <xs:attribute name="FactoryType" type="xs:QName"/>
      <xs:attribute name="Id" type="xs:ID"/>
      <xs:attribute name="Ref" type="xs:IDREF"/>
    </xs:schema>
  </wsdl:types>
  <wsdl:message name="NotificarExpedienteIn">
    <wsdl:part name="parameters" element="tns:NotificarExpedienteIn"/>
  </wsdl:message>
  <wsdl:message name="NotificarExpedienteIn_Headers">
    <wsdl:part name="Year" element="tns:Anio"/>
    <wsdl:part name="PreviousYear" element="tns:AnioAnterior"/>
    <wsdl:part name="Clause" element="tns:Inciso"/>
    <wsdl:part name="PreviousClause" element="tns:IncisoAnterior"/>
    <wsdl:part name="SectionTo" element="tns:SeccionDestino"/>
    <wsdl:part name="SectionFrom" element="tns:SeccionOrigen"/>
    <wsdl:part name="ExecutingUnit" element="tns:UnidadEjecutora"/>
    <wsdl:part name="PreviousExecutingUnit" element="tns:UnidadEjecutoraAnterior"/>
  </wsdl:message>
  <wsdl:message name="NotificarExpedienteOut">
    <wsdl:part name="parameters" element="tns:NotificarExpedienteOut"/>
  </wsdl:message>
  <wsdl:portType name="ServicioNotificarExpediente">
    <wsdl:operation name="NotificarExpediente">
      <wsdl:input wsam:Action="http://servicios.pge.red.uy/agesic/artee/NotificarExpediente/ServicioNotificarExpediente/NotificarExpediente" name="NotificarExpedienteIn" message="tns:NotificarExpedienteIn"/>
      <wsdl:output wsam:Action="http://servicios.pge.red.uy/agesic/artee/NotificarExpediente/ServicioNotificarExpediente/NotificarExpedienteResponse" name="NotificarExpedienteOut" message="tns:NotificarExpedienteOut"/>
    </wsdl:operation>
  </wsdl:portType>
  <wsdl:binding name="BasicHttpBinding_ServicioNotificarExpediente" type="tns:ServicioNotificarExpediente">
    <soap:binding transport="http://schemas.xmlsoap.org/soap/http"/>
    <wsdl:operation name="NotificarExpediente">
      <soap:operation soapAction="http://servicios.pge.red.uy/agesic/artee/NotificarExpediente/ServicioNotificarExpediente/NotificarExpediente" style="document"/>
      <wsdl:input name="NotificarExpedienteIn">
        <soap:header message="tns:NotificarExpedienteIn_Headers" part="Year" use="literal"/>
        <soap:header message="tns:NotificarExpedienteIn_Headers" part="PreviousYear" use="literal"/>
        <soap:header message="tns:NotificarExpedienteIn_Headers" part="Clause" use="literal"/>
        <soap:header message="tns:NotificarExpedienteIn_Headers" part="PreviousClause" use="literal"/>
        <soap:header message="tns:NotificarExpedienteIn_Headers" part="SectionTo" use="literal"/>
        <soap:header message="tns:NotificarExpedienteIn_Headers" part="SectionFrom" use="literal"/>
        <soap:header message="tns:NotificarExpedienteIn_Headers" part="ExecutingUnit" use="literal"/>
        <soap:header message="tns:NotificarExpedienteIn_Headers" part="PreviousExecutingUnit" use="literal"/>
        <soap:body use="literal"/>
      </wsdl:input>
      <wsdl:output name="NotificarExpedienteOut">
        <soap:body use="literal"/>
      </wsdl:output>
    </wsdl:operation>
  </wsdl:binding>
  <wsdl:service name="ServiceNotifyExpedient">
    <wsdl:port name="BasicHttpBinding_ServicioNotificarExpediente" binding="tns:BasicHttpBinding_ServicioNotificarExpediente">
      <soap:address location="http://testartee.pge.red.uy/Trazabilidad/NotificarExpediente.svc"/>
    </wsdl:port>
  </wsdl:service>
</wsdl:definitions>