<definitions name='MTOMServicePortTypeImplService' targetNamespace='http://www.agesic.gub.uy/LogInfo_v1_0' xmlns='http://schemas.xmlsoap.org/wsdl/' xmlns:soap='http://schemas.xmlsoap.org/wsdl/soap/' xmlns:tns='http://www.agesic.gub.uy/LogInfo_v1_0' xmlns:xsd='http://www.w3.org/2001/XMLSchema'>
 <types>
  <xs:schema elementFormDefault='qualified' targetNamespace='http://www.agesic.gub.uy/LogInfo_v1_0' version='1.0' xmlns:tns='http://www.agesic.gub.uy/LogInfo_v1_0' xmlns:xs='http://www.w3.org/2001/XMLSchema'>
   <xs:element name='AttachmentRequest' nillable='true' type='tns:LogInfo'/>
   <xs:element name='AttachmentResponse' nillable='true' type='xs:string'/>
   <xs:element name='IdentityRequest' nillable='true' type='tns:LogInfo'/>
   <xs:element name='IdentityResponse' nillable='true' type='tns:LogInfo'/>
   <xs:complexType name='LogInfo'>
    <xs:sequence>
     <xs:element name='agency' type='xs:string'/>
     <xs:element maxOccurs='unbounded' name='SystemLog' type='tns:SystemLog'/>
    </xs:sequence>
   </xs:complexType>
   <xs:complexType name='SystemLog'>
    <xs:sequence>
     <xs:element name='system' type='xs:string'/>
     <xs:element name='Log' ns1:expectedContentTypes='application/octet-stream' type='xs:base64Binary' xmlns:ns1='http://www.w3.org/2005/05/xmlmime'/>
    </xs:sequence>
   </xs:complexType>
  </xs:schema>
 </types>
 <message name='MTOMServicePortType_attachment'>
  <part element='tns:AttachmentRequest' name='part1'></part>
 </message>
 <message name='MTOMServicePortType_identityResponse'>
  <part element='tns:IdentityResponse' name='part1'></part>
 </message>
 <message name='MTOMServicePortType_identity'>
  <part element='tns:IdentityRequest' name='part1'></part>
 </message>
 <message name='MTOMServicePortType_attachmentResponse'>
  <part element='tns:AttachmentResponse' name='part1'></part>
 </message>
 <portType name='MTOMServicePortType'>
  <operation name='attachment' parameterOrder='part1'>
   <input message='tns:MTOMServicePortType_attachment'></input>
   <output message='tns:MTOMServicePortType_attachmentResponse'></output>
  </operation>
  <operation name='identity' parameterOrder='part1'>
   <input message='tns:MTOMServicePortType_identity'></input>
   <output message='tns:MTOMServicePortType_identityResponse'></output>
  </operation>
 </portType>
 <binding name='MTOMServicePortTypeBinding' type='tns:MTOMServicePortType'>
  <soap:binding style='document' transport='http://schemas.xmlsoap.org/soap/http'/>
  <operation name='attachment'>
   <soap:operation soapAction='attachment'/>
   <input>
    <soap:body use='literal'/>
   </input>
   <output>
    <soap:body use='literal'/>
   </output>
  </operation>
  <operation name='identity'>
   <soap:operation soapAction='identity'/>
   <input>
    <soap:body use='literal'/>
   </input>
   <output>
    <soap:body use='literal'/>
   </output>
  </operation>
 </binding>
 <service name='MTOMServicePortTypeImplService'>
  <port binding='tns:MTOMServicePortTypeBinding' name='MTOMServicePortTypePort'>
   <soap:address location='http://wsa016.ideasoft:8280/mtom/MTOMService'/>
  </port>
 </service>
</definitions>
