<?xml version='1.0' encoding='UTF-8'?><esb xmlns:xsi="http://www.w3.org/2001/XMLSchema-instance" xsi:noNamespaceSchemaLocation="jbossesb-1_0.xsd">
    <properties name="core">
		<property name="org.jboss.soa.esb.jndi.server.context.factory" value="org.jnp.interfaces.NamingContextFactory" />
		<property name="org.jboss.soa.esb.jndi.server.url" value="wsa016.ideasoft:1099" />
		<property name="org.jboss.soa.esb.persistence.connection.factory" value="org.jboss.internal.soa.esb.persistence.format.MessageStoreFactoryImpl" />
        <property name="org.jboss.soa.esb.loadbalancer.policy" value="org.jboss.soa.esb.listeners.ha.RoundRobin" />
        <property name="org.jboss.soa.esb.mime.text.types" value="text/*;application/xml;application/*+xml" />
        <property name="jboss.esb.invm.scope.default" value="NONE" />
    </properties>
    <properties name="security">
        <property name="org.jboss.soa.esb.services.security.implementationClass" value="org.jboss.internal.soa.esb.services.security.JaasSecurityService" />
        <property name="org.jboss.soa.esb.services.security.callbackHandler" value="org.jboss.internal.soa.esb.services.security.UserPassCallbackHandler" />
        
        
        <property name="org.jboss.soa.esb.services.security.sealAlgorithm" value="TripleDES" />
    	<property name="org.jboss.soa.esb.services.security.sealKeySize" value="168" />
    	
        
    	<property name="org.jboss.soa.esb.services.security.contextTimeout" value="30000" />
    	<property name="org.jboss.soa.esb.services.security.contextPropagatorImplementationClass" value="org.jboss.internal.soa.esb.services.security.JBossASContextPropagator" />

		
    	<property name="org.jboss.soa.esb.services.security.publicKeystore" value="/publicKeyStore" />
    	<property name="org.jboss.soa.esb.services.security.publicKeystorePassword" value="testKeystorePassword" />
    	<property name="org.jboss.soa.esb.services.security.publicKeyAlias" value="testAlias" />
    	<property name="org.jboss.soa.esb.services.security.publicKeyPassword" value="testPassword" />
		<property name="org.jboss.soa.esb.services.security.publicKeyTransformation" value="RSA/ECB/PKCS1Padding" />

    </properties>
    <properties name="registry">
    	<property name="org.jboss.soa.esb.registry.queryManagerURI" value="org.apache.juddi.v3.client.transport.wrapper.UDDIInquiryService#inquire" />
    	<property name="org.jboss.soa.esb.registry.lifeCycleManagerURI" value="org.apache.juddi.v3.client.transport.wrapper.UDDIPublicationService#publish" />
	<property name="org.jboss.soa.esb.registry.securityManagerURI" value="org.apache.juddi.v3.client.transport.wrapper.UDDISecurityService#secure" />
    	<property name="org.jboss.soa.esb.registry.implementationClass" value="org.jboss.internal.soa.esb.services.registry.JAXRRegistryImpl" />
    	<property name="org.jboss.soa.esb.registry.factoryClass" value="org.apache.ws.scout.registry.ConnectionFactoryImpl" />
    	<property name="org.jboss.soa.esb.registry.user" value="root" />
    	<property name="org.jboss.soa.esb.registry.password" value="root" />
    	
    	<property name="org.jboss.soa.esb.scout.proxy.transportClass" value="org.apache.ws.scout.transport.LocalTransport" />
	<property name="org.jboss.soa.esb.scout.proxy.uddiVersion" value="3.0" />
	<property name="org.jboss.soa.esb.scout.proxy.uddiNameSpace" value="urn:uddi-org:api_v3" />

        
        <property name="org.jboss.soa.esb.registry.interceptors" value="org.jboss.internal.soa.esb.services.registry.InVMRegistryInterceptor, org.jboss.internal.soa.esb.services.registry.CachingRegistryInterceptor" />

        
        <property name="org.jboss.soa.esb.registry.cache.maxSize" value="100" />
        

        
        <property name="org.jboss.soa.esb.registry.orgCategory" value="org.jboss.soa.esb.:category" />
    </properties>
    <properties name="transports" depends="core">
    	<property name="org.jboss.soa.esb.mail.smtp.host" value="localhost" />
    	<property name="org.jboss.soa.esb.mail.smtp.user" value="jbossesb" />
    	<property name="org.jboss.soa.esb.mail.smtp.password" value="" />
    	<property name="org.jboss.soa.esb.mail.smtp.port" value="25" />
    	<property name="org.jboss.soa.esb.mail.smtp.auth" value="true" />
    	<property name="org.jboss.soa.esb.ftp.localdir" value="/tmp" />
    	<property name="org.jboss.soa.esb.ftp.remotedir" value="/tmp" />
		
    	<property name="org.jboss.soa.esb.ftp.timeout" value="0" />
		
    	
		
    	
		
    	
    	<property name="org.jboss.soa.esb.jms.connectionPool" value="20" />
    	<property name="org.jboss.soa.esb.jms.sessionSleep" value="30" />
    	
    	<property name="org.jboss.soa.esb.invm.expiryTime" value="300000" />
    	
    	
    	
    	<property name="org.jboss.soa.esb.aggregator.setOnProperties" value="false" />
    </properties>
    <properties name="connection">
    	<property name="min-pool-size" value="5" />
    	<property name="max-pool-size" value="10" />
    	<property name="blocking-timeout-millis" value="5000" />
    	<property name="abandoned-connection-timeout" value="10000" />
    	<property name="abandoned-connection-time-interval" value="30000" />
    </properties>
    <properties name="jca">
        <property name="org.jboss.soa.esb.jca.activation.mapper.jms-ra.rar" value="org.jboss.soa.esb.listeners.jca.JBossActivationMapper" />
        <property name="org.jboss.soa.esb.jca.activation.mapper.wmq.jmsra.rar" value="org.jboss.soa.esb.listeners.jca.WMQActivationMapper" />
    </properties>

    <properties name="dbstore">
    	
    	
	        
	     <property name="org.jboss.soa.esb.persistence.db.conn.manager" value="org.jboss.internal.soa.esb.persistence.manager.J2eeConnectionManager" />
	    
	    
	    <property name="org.jboss.soa.esb.persistence.db.datasource.name" value="java:/JBossESBDS" />
		
		
		<property name="org.jboss.soa.esb.persistence.db.connection.url" value="jdbc:hsqldb:hsql://localhost:9001/" />
		<property name="org.jboss.soa.esb.persistence.db.jdbc.driver" value="org.hsqldb.jdbcDriver" />
		<property name="org.jboss.soa.esb.persistence.db.user" value="sa" />
		<property name="org.jboss.soa.esb.persistence.db.pwd" value="" />		
		<property name="org.jboss.soa.esb.persistence.db.pool.initial.size" value="2" />
		<property name="org.jboss.soa.esb.persistence.db.pool.min.size" value="2" />
		<property name="org.jboss.soa.esb.persistence.db.pool.max.size" value="5" />
		
		<property name="org.jboss.soa.esb.persistence.db.pool.test.table" value="pooltest" />		
		<property name="org.jboss.soa.esb.persistence.db.pool.timeout.millis" value="5000" /> 
		
    </properties>    
    <properties name="filters">
    	<property name="org.jboss.soa.esb.filter.1" value="org.jboss.internal.soa.esb.message.filter.MetaDataFilter" />
    	
    	<property name="org.jboss.soa.esb.filter.2" value="org.jboss.internal.soa.esb.message.filter.GatewayFilter" />
    </properties>

    <properties name="rules">
    	
    	<property name="org.jboss.soa.esb.services.rules.continueState" value="false" />
		
		<property name="org.jboss.soa.esb.services.rules.resource.scanner.interval" value="60" />
    </properties>
</esb>