<?xml version='1.0' encoding='UTF-8'?><con:soapui-settings xmlns:con="http://eviware.com/soapui/config">
  <con:setting id="WsdlSettings@schema-directory">/home/glagrega/Develop/servers/connector-pge-server/jboss-as/server/default/data/soapui-schemas</con:setting>

  <con:setting id="WsdlSettings@cache-wsdls">true</con:setting>
  <con:setting id="WsdlSettings@pretty-print-response-xml">true</con:setting>
  <con:setting id="HttpSettings@include_request_in_time_taken">true</con:setting>
  <con:setting id="HttpSettings@include_response_in_time_taken">true</con:setting>
  <con:setting id="WsdlSettings@excluded-types">
    &lt;con:entry xmlns:con="http://eviware.com/soapui/config">schema@http://www.w3.org/2001/XMLSchema&lt;/con:entry>
 
  </con:setting>
  <con:setting id="WsdlSettings@name-with-binding">true</con:setting>
</con:soapui-settings>