<definitions name='NuevaNovedadService' 
  targetNamespace='http://servicios.red.uy/dgrec/servicioNovedadesPersonas.1.1' 
  xmlns='http://schemas.xmlsoap.org/wsdl/' 
  xmlns:soap='http://schemas.xmlsoap.org/wsdl/soap/' 
  xmlns:tns='http://servicios.red.uy/dgrec/servicioNovedadesPersonas.1.1' 
  xmlns:xsd='http://www.w3.org/2001/XMLSchema' 
  xmlns:fexp='http://ws.dgrec.sofis.com/novedadesPersonas/1.1'>
  <types>
    <xsd:schema xmlns:xsd="http://www.w3.org/2001/XMLSchema">
      <xsd:import namespace="http://ws.dgrec.sofis.com/novedadesPersonas/1.1" schemaLocation="DGREC_NovedadesPersonas_v1.1.xsd"></xsd:import>
    </xsd:schema>
  </types>
  <message name='NuevaNovedadService_nuevaNovedad'>
    <part element="fexp:publicarNovedad" name='novedad'></part>
  </message>
  <message name='NuevaNovedadService_nuevaNovedadResponse'></message>
  <portType name='NuevaNovedadService'>
    <operation name='nuevaNovedad' parameterOrder='novedad'>
      <input message='tns:NuevaNovedadService_nuevaNovedad'></input>
      <output message='tns:NuevaNovedadService_nuevaNovedadResponse'></output>
    </operation>
  </portType>
  <binding name='NuevaNovedadServiceBinding' type='tns:NuevaNovedadService'>
    <soap:binding style='document' transport='http://schemas.xmlsoap.org/soap/http' />
    <operation name='nuevaNovedad'>
      <soap:operation soapAction='' />
      <input>
        <soap:body use='literal' />
      </input>
      <output>
        <soap:body use='literal' />
      </output>
    </operation>
  </binding>
  <service name='NuevaNovedadService'>
    <port binding='tns:NuevaNovedadServiceBinding' name='NuevaNovedadPort'>
      <soap:address location='https://testservicios.pge.red.uy:6083/NoticiasService/NuevaNovedadService/1.1' />
    </port>
  </service>
</definitions>